Peran,Contoh Pencapaian (Achievement)
Area Sales Manager,"Melebihi target penjualan area sebesar 115% (mencapai Rp 11.5 Miliar) pada Q3 2024."
Area Sales Manager,"Meningkatkan pangsa pasar (market share) produk X sebesar 10% di area Jawa Barat dalam 12 bulan." [18]
Area Sales Manager,"Mengelola tim 10 Medical Representative, meningkatkan pencapaian kuota rata-rata tim dari 80% menjadi 95% dalam 6 bulan." [19]
Area Sales Manager,"Membuka 50+ New Outlet Order (NOO) di wilayah Sumatera Bagian Selatan, melampaui target ekspansi sebesar 25%."
Area Sales Manager,"Melampaui target penjualan individu sebesar 15% selama dua tahun berturut-turut." [18]
Area Sales Manager,"Mencapai target kuota sebesar 20% atau lebih selama 6 kuartal berturut-turut." [19]
Area Sales Manager,"Menerapkan strategi manajemen akun baru yang meningkatkan retensi pelanggan sebesar 15%." [19]
Area Sales Manager,"Meningkatkan pendapatan sebesar 25% (YoY), menghasilkan $1.2 Juta bisnis baru." [19]
Area Sales Manager,"Meningkatkan kepuasan klien secara keseluruhan sebesar 20% melalui kolaborasi tim lintas fungsi." [18]
