Kategori Kompetensi,Nama Kompetensi,Definisi Standar Industri
Teknis (Farmasi),Quality Management System (QMS),"Kerangka kerja terstruktur [22, 23] yang terdiri dari kebijakan, proses, prosedur, dan tanggung jawab yang terdokumentasi untuk mencapai kebijakan dan tujuan mutu."
Teknis (Farmasi),Quality Management System (QMS),"Tujuan: Memastikan produk/layanan secara konsisten memenuhi persyaratan pelanggan dan regulasi (misalnya FDA, BPOM, WHO)." [23, 24]
Teknis (Farmasi),Quality Management System (QMS),"Mencakup elemen seperti Pengendalian Dokumen, Pengendalian Perubahan, Tindakan Korektif dan Pencegahan (CAPA), dan Audit Internal." [25, 23]
Teknis (Farmasi),Good Manufacturing Practices (GMP) / CPOB,"Bagian dari QMS yang berfokus pada produksi dan pengawasan mutu." [23, 26]
Teknis (Farmasi),Good Manufacturing Practices (GMP) / CPOB,"Tujuan: Memastikan bahwa obat dibuat secara konsisten, memenuhi persyaratan yang ditentukan, dan sesuai dengan tujuan penggunaannya." [26]
Teknis (Farmasi),Good Manufacturing Practices (GMP) / CPOB,"Mencakup semua aspek mulai dari personalia, bangunan, fasilitas, peralatan, produksi, hingga penyimpanan dan dokumentasi." [27, 28]
Manajerial,Business Acumen (Wawasan Bisnis),"Pemahaman mendalam tentang bagaimana bisnis beroperasi, termasuk model bisnis, struktur, dan metrik finansial." [29]
Manajerial,Business Acumen (Wawasan Bisnis),"Kemampuan untuk memahami bagaimana keputusan fungsional (misalnya HR, Operasi) berdampak pada hasil bisnis yang lebih luas (profitabilitas, arus kas)." [30, 31]
Manajerial,Business Acumen (Wawasan Bisnis),"Koneksi antara pekerjaan proyek/fungsional dengan nilai organisasi melalui pemahaman akan tujuan bisnis, tren industri, dan pergeseran pasar." [29]
Manajerial,Strategic Thinking (Berpikir Strategis),"Kompetensi yang berorientasi ke masa depan; kemampuan untuk mengantisipasi tren dan peluang." [32, 33]
Manajerial,Strategic Thinking (Berpikir Strategis),"Kemampuan untuk mengembangkan arahan, visi, dan tujuan strategis jangka panjang."
Manajerial,Strategic Thinking (Berpikir Strategis),"Melihat gambaran besar (seeing the big picture) dan menyelaraskan inisiatif fungsional dengan tujuan organisasi jangka panjang." [33, 34]
